,mô hình chính,bootstrap trung bình,bootstrap độ lệch chuẩn,hệ số biến thiên
inv_g,0.022022178,0.019929968,0.0037925506,0.19029386
assets_g,0.01612233,0.01582832,0.003590001,0.22680871
liab_g,0.013455129,0.015867285,0.005382077,0.33919328
dio_chg,0.011918026,0.010031563,0.0020729557,0.20664334
fixed_to_assets,0.00931998,0.004596947,0.0017969498,0.39090067
asset_turnover,0.009161058,0.010480199,0.002827448,0.26978955
capex_to_rev,0.005173701,0.0057656323,0.002226866,0.38623103
gmi,0.0039053017,0.0026040324,0.001875624,0.7202767
fixed_g,0.0034550554,0.0029730122,0.0022709367,0.76385045
net_margin,0.0031067333,0.0010835587,0.0008917666,0.82299805
rev_g_lag1,0.0030529173,0.0031761532,0.001842746,0.5801817
fcf_margin,0.0026707158,0.0022924133,0.0016109273,0.7027212
dso,0.0024711299,0.00086826156,0.000452885,0.5215997
liab_to_assets,0.0021461474,0.001581947,0.0010620543,0.671359
rev_g_3y_mean,0.0021138166,0.002325079,0.0010425185,0.44837984
dio,0.0020438589,0.0017582425,0.0008632206,0.49095652
rev_g_3y_std,0.0019887972,0.0021074754,0.001117052,0.53004277
dso_chg,0.001616764,0.001020374,0.0007177368,0.70340556
capex_to_dep,0.0014781675,0.0010360299,0.00053784286,0.51913834
op_margin,0.0013909243,0.00075213437,0.00053913443,0.716806
sector_rev_g,0.001061806,0.0006320938,0.00073475763,1.1624186
roa,0.0010338156,0.0006379237,0.00057687494,0.9043008
rev_g,0.0010143241,0.001545979,0.0007232294,0.46781322
gross_margin,0.0009750007,0.0024476366,0.0018631715,0.76121247
inv_minus_rev_g,0.0009395217,0.0018363526,0.0011710416,0.6376998
rev_g_lag2,0.00093099143,0.0006868458,0.00049586565,0.7219461
cff_to_assets,0.0008646583,0.00068487256,0.00060855807,0.88857126
lvgi,0.00084794837,0.00085895223,0.000579103,0.674197
recv_minus_rev_g,0.0007886177,0.0004974223,0.00033393942,0.67133987
gross_margin_chg,0.00077464466,0.0010099604,0.0007427914,0.7354658
op_margin_chg,0.0007699488,0.00057227665,0.00031971218,0.5586672
cfo_margin,0.0007643141,0.001577146,0.0009149284,0.58011645
log_revenue,0.0007561912,0.00093894853,0.0010351866,1.1024956
net_margin_chg,0.0006839417,0.0007325113,0.00041072827,0.5607126
debt_to_equity,0.0006643403,0.000565296,0.0005557248,0.9830687
debt_g,0.0006224611,0.00043076804,0.0002619438,0.60808545
roe,0.00056874345,0.0014445294,0.0011525198,0.79785144
equity_g,0.00053420867,0.00046644473,0.00035013852,0.7506538
sgai,0.0005340496,0.0010004466,0.0007093434,0.70902675
dsri,0.0005134651,0.0005923734,0.0004183335,0.706199
gross_margin_lag1,0.0005097408,0.0009003186,0.0008617472,0.957158
current_ratio,0.000487515,0.00089744665,0.00073351705,0.8173378
accruals,0.00044870976,0.00042200045,0.00035641203,0.8445774
recv_g,0.00038195724,0.00060766813,0.00037820768,0.6223918
gross_margin_lag2,0.00036518922,0.00051952165,0.00040338017,0.7764453
capex_to_fixed,0.0003528785,0.00056486053,0.0005605979,0.9924537
log_assets,0.0003324128,0.00035696823,0.00022419519,0.6280536
cash_to_assets,0.000306654,0.0016979033,0.0009108691,0.536467
aqi,0.00028967878,0.0005246407,0.00047188278,0.8994399
depi,0.00028732786,0.00045363698,0.00034678372,0.76445204
sga_ratio,0.00018616088,0.0007742622,0.00077570416,1.0018624
payout,0.00011064909,0.00020419338,0.00026471086,1.2963734
interest_cover,0.0,0.001053573,0.00080897857,0.76784295
